<?xml version="1.0" encoding="UTF-8"?>
<odoo>
    <record id="ir_cron_auto_archive_books" model="ir.cron">
        <field name="name">Auto Archive Old Books</field>
        <field name="model_id" ref="model_book_details"/>
        <field name="state">code</field>
        <field name="code">model._auto_archive_old_books()</field>
        <field name="interval_number">1</field>
        <field name="interval_type">minutes</field>
        <field name="numbercall">-1</field>
        <field name="active">True</field>
    </record>
</odoo>
